"","Entity","Code","Year","Prevalence.of.underweight..weight.for.age....of.children.under.5."
"1","Afghanistan","AFG",1997,44.9000015258789
"2","Afghanistan","AFG",2004,32.9000015258789
"3","Afghanistan","AFG",2013,24.6000003814697
"4","Afghanistan","AFG",2018,19.1000003814697
"5","Albania","ALB",1997,7.09999990463257
"6","Albania","ALB",2000,17
"7","Albania","ALB",2005,6.59999990463257
"8","Albania","ALB",2009,6.30000019073486
"9","Albania","ALB",2017,1.5
"10","Algeria","DZA",1987,8
"11","Algeria","DZA",1992,9.19999980926514
"12","Algeria","DZA",1995,11.3000001907349
"13","Algeria","DZA",2000,5.40000009536743
"14","Algeria","DZA",2002,11.1000003814697
"15","Algeria","DZA",2006,3.40000009536743
"16","Algeria","DZA",2012,3
"17","Algeria","DZA",2019,2.70000004768372
"18","Angola","AGO",1996,36.2000007629395
"19","Angola","AGO",2007,15.6000003814697
"20","Angola","AGO",2015,19
"21","Argentina","ARG",1994,1.70000004768372
"22","Argentina","ARG",1996,4.69999980926514
"23","Argentina","ARG",2005,2.29999995231628
"24","Argentina","ARG",2019,1.70000004768372
"25","Armenia","ARM",1998,2.70000004768372
"26","Armenia","ARM",2000,2.59999990463257
"27","Armenia","ARM",2005,4.19999980926514
"28","Armenia","ARM",2010,5.30000019073486
"29","Armenia","ARM",2016,2.59999990463257
"30","Australia","AUS",1995,0
"31","Australia","AUS",2007,0.200000002980232
"32","Azerbaijan","AZE",1996,8.80000019073486
"33","Azerbaijan","AZE",2000,14
"34","Azerbaijan","AZE",2001,5.90000009536743
"35","Azerbaijan","AZE",2006,8.39999961853027
"36","Azerbaijan","AZE",2011,6.5
"37","Azerbaijan","AZE",2013,4.90000009536743
"38","Bahrain","BHR",1989,6.30000019073486
"39","Bahrain","BHR",1995,7.59999990463257
"40","Bangladesh","BGD",1986,66.8000030517578
"41","Bangladesh","BGD",1990,61.5
"42","Bangladesh","BGD",1991,61.2000007629395
"43","Bangladesh","BGD",1992,60.5999984741211
"44","Bangladesh","BGD",1993,56.0999984741211
"45","Bangladesh","BGD",1994,58
"46","Bangladesh","BGD",1995,55.2000007629395
"47","Bangladesh","BGD",1996,54
"48","Bangladesh","BGD",1997,53.5999984741211
"49","Bangladesh","BGD",1998,50.7000007629395
"50","Bangladesh","BGD",1999,49.5
"51","Bangladesh","BGD",2000,42.4000015258789
"52","Bangladesh","BGD",2001,43.2000007629395
"53","Bangladesh","BGD",2002,41
"54","Bangladesh","BGD",2003,38.9000015258789
"55","Bangladesh","BGD",2004,42.7999992370605
"56","Bangladesh","BGD",2005,37.2999992370605
"57","Bangladesh","BGD",2006,37.9000015258789
"58","Bangladesh","BGD",2007,41.2999992370605
"59","Bangladesh","BGD",2011,36.7000007629395
"60","Bangladesh","BGD",2013,35.0999984741211
"61","Bangladesh","BGD",2014,32.7999992370605
"62","Bangladesh","BGD",2018,21.8999996185303
"63","Bangladesh","BGD",2019,22.6000003814697
"64","Barbados","BRB",2012,3.5
"65","Belarus","BLR",2005,1.29999995231628
"66","Belgium","BEL",2014,1
"67","Belize","BLZ",1992,5.40000009536743
"68","Belize","BLZ",2006,5
"69","Belize","BLZ",2011,6.19999980926514
"70","Belize","BLZ",2015,4.59999990463257
"71","Benin","BEN",1996,26.2000007629395
"72","Benin","BEN",2001,19.5
"73","Benin","BEN",2008,17.7999992370605
"74","Benin","BEN",2014,18
"75","Benin","BEN",2018,16.7999992370605
"76","Bhutan","BTN",1987,34
"77","Bhutan","BTN",1999,14.1000003814697
"78","Bhutan","BTN",2008,10.3999996185303
"79","Bhutan","BTN",2010,12.6999998092651
"80","Bolivia","BOL",1988,9.80000019073486
"81","Bolivia","BOL",1989,7.80000019073486
"82","Bolivia","BOL",1990,9.69999980926514
"83","Bolivia","BOL",1991,10.1999998092651
"84","Bolivia","BOL",1992,10.5
"85","Bolivia","BOL",1994,11
"86","Bolivia","BOL",1998,5.90000009536743
"87","Bolivia","BOL",2003,5.80000019073486
"88","Bolivia","BOL",2008,4.5
"89","Bolivia","BOL",2012,3.59999990463257
"90","Bolivia","BOL",2016,3.40000009536743
"91","Bosnia and Herzegovina","BIH",2000,4.19999980926514
"92","Bosnia and Herzegovina","BIH",2006,1.60000002384186
"93","Bosnia and Herzegovina","BIH",2012,1.60000002384186
"94","Botswana","BWA",1996,15.1000003814697
"95","Botswana","BWA",2000,11.1000003814697
"96","Botswana","BWA",2007,11.8000001907349
"97","Brazil","BRA",1989,5.59999990463257
"98","Brazil","BRA",1996,4.5
"99","Brazil","BRA",2007,2.20000004768372
"100","Brunei","BRN",2009,9.60000038146973
"101","Bulgaria","BGR",2004,1.60000002384186
"102","Bulgaria","BGR",2007,3.70000004768372
"103","Bulgaria","BGR",2014,1.89999997615814
"104","Burkina Faso","BFA",1993,28.7000007629395
"105","Burkina Faso","BFA",1999,30.8999996185303
"106","Burkina Faso","BFA",2009,26
"107","Burkina Faso","BFA",2010,26.2000007629395
"108","Burkina Faso","BFA",2011,25.1000003814697
"109","Burkina Faso","BFA",2012,24.2999992370605
"110","Burkina Faso","BFA",2013,20.8999996185303
"111","Burkina Faso","BFA",2014,20
"112","Burkina Faso","BFA",2015,22.7999992370605
"113","Burkina Faso","BFA",2016,18.8999996185303
"114","Burkina Faso","BFA",2017,16.2000007629395
"115","Burkina Faso","BFA",2018,17.7000007629395
"116","Burkina Faso","BFA",2019,16.3999996185303
"117","Burundi","BDI",1987,33.5999984741211
"118","Burundi","BDI",2000,39.0999984741211
"119","Burundi","BDI",2005,35.2000007629395
"120","Burundi","BDI",2010,29.1000003814697
"121","Burundi","BDI",2016,29.2999992370605
"122","Burundi","BDI",2018,29.6000003814697
"123","Burundi","BDI",2019,27
"124","Cambodia","KHM",1996,42.5999984741211
"125","Cambodia","KHM",2000,39.7000007629395
"126","Cambodia","KHM",2005,28.2999992370605
"127","Cambodia","KHM",2008,28.2999992370605
"128","Cambodia","KHM",2010,28.8999996185303
"129","Cambodia","KHM",2014,24.1000003814697
"130","Cameroon","CMR",1991,12.8999996185303
"131","Cameroon","CMR",1998,17.2999992370605
"132","Cameroon","CMR",2004,15.1000003814697
"133","Cameroon","CMR",2006,16.5
"134","Cameroon","CMR",2011,15.1999998092651
"135","Cameroon","CMR",2014,14.8000001907349
"136","Cameroon","CMR",2018,11
"137","Cape Verde","CPV",1985,13.6999998092651
"138","Cape Verde","CPV",1994,11.8000001907349
"139","Central African Republic","CAF",1994,24
"140","Central African Republic","CAF",2000,21.2999992370605
"141","Central African Republic","CAF",2006,26.1000003814697
"142","Central African Republic","CAF",2010,23.5
"143","Central African Republic","CAF",2012,24.5
"144","Central African Republic","CAF",2014,20
"145","Central African Republic","CAF",2018,19.7000007629395
"146","Central African Republic","CAF",2019,20.5
"147","Chad","TCD",1997,34.2999992370605
"148","Chad","TCD",2000,29.2000007629395
"149","Chad","TCD",2004,33.7999992370605
"150","Chad","TCD",2010,30.2999992370605
"151","Chad","TCD",2015,29.3999996185303
"152","Chad","TCD",2017,24.2999992370605
"153","Chad","TCD",2018,24.7000007629395
"154","Chad","TCD",2019,29.2000007629395
"155","Chile","CHL",1986,2.20000004768372
"156","Chile","CHL",1994,0.800000011920929
"157","Chile","CHL",1995,0.800000011920929
"158","Chile","CHL",1996,0.699999988079071
"159","Chile","CHL",1998,0.699999988079071
"160","Chile","CHL",1999,0.699999988079071
"161","Chile","CHL",2001,0.699999988079071
"162","Chile","CHL",2002,0.699999988079071
"163","Chile","CHL",2003,0.600000023841858
"164","Chile","CHL",2004,0.600000023841858
"165","Chile","CHL",2006,0.600000023841858
"166","Chile","CHL",2007,0.600000023841858
"167","Chile","CHL",2008,0.5
"168","Chile","CHL",2013,0.5
"169","Chile","CHL",2014,0.5
"170","China","CHN",1987,18.7000007629395
"171","China","CHN",1990,12.6000003814697
"172","China","CHN",1992,14.1999998092651
"173","China","CHN",1995,10.6999998092651
"174","China","CHN",1998,6.90000009536743
"175","China","CHN",2000,7.40000009536743
"176","China","CHN",2002,6.80000019073486
"177","China","CHN",2005,4.5
"178","China","CHN",2008,3.79999995231628
"179","China","CHN",2009,3.40000009536743
"180","China","CHN",2010,3.40000009536743
"181","China","CHN",2013,2.40000009536743
"182","Colombia","COL",1986,8.89999961853027
"183","Colombia","COL",1989,8.80000019073486
"184","Colombia","COL",1995,6.30000019073486
"185","Colombia","COL",2000,4.90000009536743
"186","Colombia","COL",2005,5
"187","Colombia","COL",2010,3.40000009536743
"188","Colombia","COL",2016,3.70000004768372
"189","Comoros","COM",1992,15.1999998092651
"190","Comoros","COM",1996,21.1000003814697
"191","Comoros","COM",2000,25.1000003814697
"192","Comoros","COM",2012,16.8999996185303
"193","Congo","COG",1987,16.3999996185303
"194","Congo","COG",2005,11.8999996185303
"195","Congo","COG",2011,11.8000001907349
"196","Congo","COG",2014,12.3000001907349
"197","Costa Rica","CRI",1989,2.40000009536743
"198","Costa Rica","CRI",1990,2.5
"199","Costa Rica","CRI",1991,2.20000004768372
"200","Costa Rica","CRI",1992,2
"201","Costa Rica","CRI",1993,2
"202","Costa Rica","CRI",1994,1.89999997615814
"203","Costa Rica","CRI",1996,3.79999995231628
"204","Costa Rica","CRI",2008,1.10000002384186
"205","Costa Rica","CRI",2018,2.90000009536743
"206","Cote d'Ivoire","CIV",1986,11.6999998092651
"207","Cote d'Ivoire","CIV",1994,20.2999992370605
"208","Cote d'Ivoire","CIV",1998,18.2000007629395
"209","Cote d'Ivoire","CIV",2007,29.3999996185303
"210","Cote d'Ivoire","CIV",2012,15.6999998092651
"211","Cote d'Ivoire","CIV",2016,12.8000001907349
"212","Cuba","CUB",2000,3.40000009536743
"213","Cuba","CUB",2019,2.40000009536743
"214","Czechia","CZE",1991,0.899999976158142
"215","Czechia","CZE",2001,2.09999990463257
"216","Democratic Republic of Congo","COD",1995,30.7000007629395
"217","Democratic Republic of Congo","COD",2001,30.2999992370605
"218","Democratic Republic of Congo","COD",2007,25.6000003814697
"219","Democratic Republic of Congo","COD",2010,24.2000007629395
"220","Democratic Republic of Congo","COD",2013,23.3999996185303
"221","Democratic Republic of Congo","COD",2017,23.1000003814697
"222","Djibouti","DJI",1989,20.2000007629395
"223","Djibouti","DJI",1996,16
"224","Djibouti","DJI",2002,24.3999996185303
"225","Djibouti","DJI",2012,29.8999996185303
"226","Dominican Republic","DOM",1986,8.69999980926514
"227","Dominican Republic","DOM",1991,8.39999961853027
"228","Dominican Republic","DOM",1996,4.69999980926514
"229","Dominican Republic","DOM",2000,3.29999995231628
"230","Dominican Republic","DOM",2002,4.19999980926514
"231","Dominican Republic","DOM",2006,3.90000009536743
"232","Dominican Republic","DOM",2007,3.40000009536743
"233","Dominican Republic","DOM",2013,4
"234","East Asia and Pacific","",2000,11.6696767807007
"235","East Asia and Pacific","",2001,11.0398406982422
"236","East Asia and Pacific","",2002,10.5648813247681
"237","East Asia and Pacific","",2003,10.2111902236938
"238","East Asia and Pacific","",2004,9.88967132568359
"239","East Asia and Pacific","",2005,9.52901649475098
"240","East Asia and Pacific","",2006,9.17298126220703
"241","East Asia and Pacific","",2007,8.79792976379395
"242","East Asia and Pacific","",2008,8.40779781341553
"243","East Asia and Pacific","",2009,8.0321741104126
"244","East Asia and Pacific","",2010,7.68888521194458
"245","East Asia and Pacific","",2011,7.35748386383057
"246","East Asia and Pacific","",2012,7.05876874923706
"247","East Asia and Pacific","",2013,6.78677415847778
"248","East Asia and Pacific","",2014,6.52878856658936
"249","East Asia and Pacific","",2015,6.27717351913452
"250","East Asia and Pacific","",2016,6.04720163345337
"251","East Asia and Pacific","",2017,5.81647777557373
"252","East Asia and Pacific","",2018,5.58747529983521
"253","East Asia and Pacific","",2019,5.37094402313232
"254","East Asia and Pacific","",2020,5.17582130432129
"255","Ecuador","ECU",1986,14.5
"256","Ecuador","ECU",1999,10.3999996185303
"257","Ecuador","ECU",2004,6.69999980926514
"258","Ecuador","ECU",2006,6.80000019073486
"259","Ecuador","ECU",2012,6.40000009536743
"260","Ecuador","ECU",2014,5.09999990463257
"261","Ecuador","ECU",2019,5.19999980926514
"262","Egypt","EGY",1988,9.39999961853027
"263","Egypt","EGY",1991,10.5
"264","Egypt","EGY",1992,8.19999980926514
"265","Egypt","EGY",1995,10.8000001907349
"266","Egypt","EGY",1998,9.39999961853027
"267","Egypt","EGY",2003,8.69999980926514
"268","Egypt","EGY",2005,5.40000009536743
"269","Egypt","EGY",2008,6.80000019073486
"270","Egypt","EGY",2014,7
"271","El Salvador","SLV",1988,11.1000003814697
"272","El Salvador","SLV",1993,8
"273","El Salvador","SLV",1998,9.69999980926514
"274","El Salvador","SLV",2003,6.09999990463257
"275","El Salvador","SLV",2008,6.69999980926514
"276","El Salvador","SLV",2014,5
"277","Equatorial Guinea","GNQ",1997,13.8000001907349
"278","Equatorial Guinea","GNQ",2000,15.6999998092651
"279","Equatorial Guinea","GNQ",2004,10.6000003814697
"280","Equatorial Guinea","GNQ",2011,5.59999990463257
"281","Eritrea","ERI",1993,36.9000015258789
"282","Eritrea","ERI",1995,39.5999984741211
"283","Eritrea","ERI",2002,34.2999992370605
"284","Eritrea","ERI",2010,39.4000015258789
"285","Estonia","EST",2014,0.400000005960464
"286","Eswatini","SWZ",2000,9.10000038146973
"287","Eswatini","SWZ",2006,6
"288","Eswatini","SWZ",2008,7.30000019073486
"289","Eswatini","SWZ",2010,5.90000009536743
"290","Eswatini","SWZ",2014,5.80000019073486
"291","Ethiopia","ETH",1992,41.9000015258789
"292","Ethiopia","ETH",2000,41.7999992370605
"293","Ethiopia","ETH",2005,34.2999992370605
"294","Ethiopia","ETH",2011,29.2000007629395
"295","Ethiopia","ETH",2014,26.5
"296","Ethiopia","ETH",2016,23.5
"297","Ethiopia","ETH",2019,21.1000003814697
"298","Fiji","FJI",1993,6.90000009536743
"299","Fiji","FJI",2004,5.30000019073486
"300","Gabon","GAB",2000,9
"301","Gabon","GAB",2012,6.40000009536743
"302","Gambia","GMB",1996,23.2000007629395
"303","Gambia","GMB",2000,15.3999996185303
"304","Gambia","GMB",2006,15.8000001907349
"305","Gambia","GMB",2010,17.3999996185303
"306","Gambia","GMB",2012,17.8999996185303
"307","Gambia","GMB",2013,16.5
"308","Gambia","GMB",2018,10.3000001907349
"309","Gambia","GMB",2020,11.6000003814697
"310","Georgia","GEO",1999,2.70000004768372
"311","Georgia","GEO",2005,2.40000009536743
"312","Georgia","GEO",2009,1.10000002384186
"313","Georgia","GEO",2018,2.09999990463257
"314","Germany","DEU",2004,1.10000002384186
"315","Germany","DEU",2016,0.5
"316","Ghana","GHA",1988,24.7999992370605
"317","Ghana","GHA",1993,25.7999992370605
"318","Ghana","GHA",1997,22.2000007629395
"319","Ghana","GHA",1998,20.1000003814697
"320","Ghana","GHA",2003,19
"321","Ghana","GHA",2006,13.8999996185303
"322","Ghana","GHA",2008,14.3999996185303
"323","Ghana","GHA",2011,13.3999996185303
"324","Ghana","GHA",2014,11.1999998092651
"325","Ghana","GHA",2017,12.6000003814697
"326","Greece","GRC",2003,0.200000002980232
"327","Guatemala","GTM",1987,27.8999996185303
"328","Guatemala","GTM",1995,21.7000007629395
"329","Guatemala","GTM",1999,20.2999992370605
"330","Guatemala","GTM",2000,18.7999992370605
"331","Guatemala","GTM",2002,18.2000007629395
"332","Guatemala","GTM",2009,14.1000003814697
"333","Guatemala","GTM",2015,12.3999996185303
"334","Guinea","GIN",1994,21.2000007629395
"335","Guinea","GIN",1999,20
"336","Guinea","GIN",2005,22.7000007629395
"337","Guinea","GIN",2007,16.3999996185303
"338","Guinea","GIN",2012,18.7999992370605
"339","Guinea","GIN",2016,18.2999992370605
"340","Guinea","GIN",2018,16.2999992370605
"341","Guinea-Bissau","GNB",2000,19.7999992370605
"342","Guinea-Bissau","GNB",2010,18
"343","Guinea-Bissau","GNB",2012,17
"344","Guinea-Bissau","GNB",2014,17
"345","Guinea-Bissau","GNB",2019,18.7999992370605
"346","Guyana","GUY",1993,13.1999998092651
"347","Guyana","GUY",1997,10.3000001907349
"348","Guyana","GUY",2000,11.8999996185303
"349","Guyana","GUY",2006,10.8000001907349
"350","Guyana","GUY",2009,11
"351","Guyana","GUY",2014,8.19999980926514
"352","Haiti","HTI",1990,23.7000007629395
"353","Haiti","HTI",1994,23.7999992370605
"354","Haiti","HTI",2000,13.8999996185303
"355","Haiti","HTI",2006,18.8999996185303
"356","Haiti","HTI",2012,11.6000003814697
"357","Haiti","HTI",2017,9.5
"358","High income","",2000,1.30321562290192
"359","High income","",2001,1.27911627292633
"360","High income","",2002,1.25545680522919
"361","High income","",2003,1.23222959041595
"362","High income","",2004,1.20942687988281
"363","High income","",2005,1.18704092502594
"364","High income","",2006,1.16506457328796
"365","High income","",2007,1.14349031448364
"366","High income","",2008,1.1223109960556
"367","High income","",2009,1.10151958465576
"368","High income","",2010,1.08110916614532
"369","High income","",2011,1.06107294559479
"370","High income","",2012,1.04140400886536
"371","High income","",2013,1.02209603786469
"372","High income","",2014,1.00314235687256
"373","High income","",2015,0.984536588191986
"374","High income","",2016,0.966272592544556
"375","High income","",2017,0.948344230651855
"376","High income","",2018,0.930745303630829
"377","High income","",2019,0.913469970226288
"378","High income","",2020,0.896512389183044
"379","Honduras","HND",1987,18.1000003814697
"380","Honduras","HND",1991,15
"381","Honduras","HND",1994,16.1000003814697
"382","Honduras","HND",1996,17.8999996185303
"383","Honduras","HND",2001,12.8000001907349
"384","Honduras","HND",2006,8.69999980926514
"385","Honduras","HND",2012,7.09999990463257
"386","India","IND",1989,55.5
"387","India","IND",1991,52.7999992370605
"388","India","IND",1992,51.2000007629395
"389","India","IND",1997,38.4000015258789
"390","India","IND",1999,46.2999992370605
"391","India","IND",2006,43.5
"392","India","IND",2014,29.3999996185303
"393","India","IND",2015,36.2999992370605
"394","India","IND",2017,33.4000015258789
"395","Indonesia","IDN",1987,35.9000015258789
"396","Indonesia","IDN",1989,31
"397","Indonesia","IDN",1992,29.7999992370605
"398","Indonesia","IDN",1996,30.2999992370605
"399","Indonesia","IDN",1998,25.7999992370605
"400","Indonesia","IDN",1999,22.7999992370605
"401","Indonesia","IDN",2000,24.7999992370605
"402","Indonesia","IDN",2001,23.3999996185303
"403","Indonesia","IDN",2002,23
"404","Indonesia","IDN",2003,23.1000003814697
"405","Indonesia","IDN",2004,19.7000007629395
"406","Indonesia","IDN",2005,24.3999996185303
"407","Indonesia","IDN",2007,19.6000003814697
"408","Indonesia","IDN",2010,18.6000003814697
"409","Indonesia","IDN",2013,19.8999996185303
"410","Indonesia","IDN",2018,17.7000007629395
"411","Iran","IRN",1995,13.8000001907349
"412","Iran","IRN",1998,9.5
"413","Iran","IRN",2004,4.59999990463257
"414","Iran","IRN",2010,4.09999990463257
"415","Iraq","IRQ",1991,10.3999996185303
"416","Iraq","IRQ",2000,12.8000001907349
"417","Iraq","IRQ",2003,10.1000003814697
"418","Iraq","IRQ",2004,8
"419","Iraq","IRQ",2006,7.09999990463257
"420","Iraq","IRQ",2011,7.19999980926514
"421","Iraq","IRQ",2018,3.90000009536743
"422","Jamaica","JAM",1989,5.80000019073486
"423","Jamaica","JAM",1991,5.59999990463257
"424","Jamaica","JAM",1992,5.69999980926514
"425","Jamaica","JAM",1994,4.59999990463257
"426","Jamaica","JAM",1995,4.80000019073486
"427","Jamaica","JAM",1996,5.59999990463257
"428","Jamaica","JAM",1997,3.5
"429","Jamaica","JAM",1998,3.79999995231628
"430","Jamaica","JAM",1999,2.09999990463257
"431","Jamaica","JAM",2000,3.90000009536743
"432","Jamaica","JAM",2001,4
"433","Jamaica","JAM",2002,2.70000004768372
"434","Jamaica","JAM",2004,3.09999990463257
"435","Jamaica","JAM",2006,4.80000019073486
"436","Jamaica","JAM",2007,1.79999995231628
"437","Jamaica","JAM",2008,2.40000009536743
"438","Jamaica","JAM",2010,3.40000009536743
"439","Jamaica","JAM",2012,2.70000004768372
"440","Jamaica","JAM",2014,2.20000004768372
"441","Jamaica","JAM",2016,4.40000009536743
"442","Japan","JPN",2010,3.40000009536743
"443","Jordan","JOR",1990,5.09999990463257
"444","Jordan","JOR",1997,3.79999995231628
"445","Jordan","JOR",2002,3.70000004768372
"446","Jordan","JOR",2009,1.89999997615814
"447","Jordan","JOR",2012,3
"448","Kazakhstan","KAZ",1995,4.40000009536743
"449","Kazakhstan","KAZ",1999,3.79999995231628
"450","Kazakhstan","KAZ",2006,4.90000009536743
"451","Kazakhstan","KAZ",2010,3.70000004768372
"452","Kazakhstan","KAZ",2015,2
"453","Kenya","KEN",1993,19.3999996185303
"454","Kenya","KEN",1994,17.8999996185303
"455","Kenya","KEN",1998,17.5
"456","Kenya","KEN",2000,17.1000003814697
"457","Kenya","KEN",2003,16.3999996185303
"458","Kenya","KEN",2005,18
"459","Kenya","KEN",2008,16.5
"460","Kenya","KEN",2011,12.6999998092651
"461","Kenya","KEN",2014,11.1999998092651
"462","Kiribati","KIR",1985,11.3000001907349
"463","Kiribati","KIR",2009,15.1000003814697
"464","Kiribati","KIR",2018,6.90000009536743
"465","Kuwait","KWT",1996,1.5
"466","Kuwait","KWT",2001,2.20000004768372
"467","Kuwait","KWT",2002,2.09999990463257
"468","Kuwait","KWT",2003,2.29999995231628
"469","Kuwait","KWT",2004,2.79999995231628
"470","Kuwait","KWT",2005,2.70000004768372
"471","Kuwait","KWT",2006,2.70000004768372
"472","Kuwait","KWT",2007,2.90000009536743
"473","Kuwait","KWT",2008,2.29999995231628
"474","Kuwait","KWT",2009,1.70000004768372
"475","Kuwait","KWT",2010,1.70000004768372
"476","Kuwait","KWT",2011,2.09999990463257
"477","Kuwait","KWT",2012,2.20000004768372
"478","Kuwait","KWT",2013,3.09999990463257
"479","Kuwait","KWT",2014,3
"480","Kyrgyzstan","KGZ",1997,10.3999996185303
"481","Kyrgyzstan","KGZ",2006,2.70000004768372
"482","Kyrgyzstan","KGZ",2009,4.69999980926514
"483","Kyrgyzstan","KGZ",2012,3.79999995231628
"484","Kyrgyzstan","KGZ",2014,2.79999995231628
"485","Kyrgyzstan","KGZ",2018,1.79999995231628
"486","Laos","LAO",1993,39.7999992370605
"487","Laos","LAO",1994,35.9000015258789
"488","Laos","LAO",2000,35.5999984741211
"489","Laos","LAO",2006,31.6000003814697
"490","Laos","LAO",2011,26.6000003814697
"491","Laos","LAO",2015,25.5
"492","Laos","LAO",2017,21.1000003814697
"493","Latin America and Caribbean","",2000,5.29168319702148
"494","Latin America and Caribbean","",2001,5.11922550201416
"495","Latin America and Caribbean","",2002,4.95430183410645
"496","Latin America and Caribbean","",2003,4.79570627212524
"497","Latin America and Caribbean","",2004,4.64236927032471
"498","Latin America and Caribbean","",2005,4.4937219619751
"499","Latin America and Caribbean","",2006,4.35077667236328
"500","Latin America and Caribbean","",2007,4.21048784255981
"501","Latin America and Caribbean","",2008,4.07343721389771
"502","Latin America and Caribbean","",2009,3.94047260284424
"503","Latin America and Caribbean","",2010,3.81204581260681
"504","Latin America and Caribbean","",2011,3.68721055984497
"505","Latin America and Caribbean","",2012,3.56666827201843
"506","Latin America and Caribbean","",2013,3.45009875297546
"507","Latin America and Caribbean","",2014,3.33692216873169
"508","Latin America and Caribbean","",2015,3.22682571411133
"509","Latin America and Caribbean","",2016,3.12042760848999
"510","Latin America and Caribbean","",2017,3.01654148101807
"511","Latin America and Caribbean","",2018,2.91544842720032
"512","Latin America and Caribbean","",2019,2.81763553619385
"513","Latin America and Caribbean","",2020,2.72333598136902
"514","Lebanon","LBN",1996,3.5
"515","Lebanon","LBN",2004,4.19999980926514
"516","Lesotho","LSO",1992,13.8000001907349
"517","Lesotho","LSO",1993,18.8999996185303
"518","Lesotho","LSO",2004,16.6000003814697
"519","Lesotho","LSO",2009,13.3999996185303
"520","Lesotho","LSO",2014,10.5
"521","Lesotho","LSO",2018,10.5
"522","Liberia","LBR",2000,22.7999992370605
"523","Liberia","LBR",2007,20.3999996185303
"524","Liberia","LBR",2010,16.6000003814697
"525","Liberia","LBR",2013,15.3000001907349
"526","Liberia","LBR",2016,13.6000003814697
"527","Liberia","LBR",2019,10.8999996185303
"528","Libya","LBY",1995,4.19999980926514
"529","Libya","LBY",2007,5.59999990463257
"530","Libya","LBY",2014,11.6999998092651
"531","Low and middle income","",2000,22.5243244171143
"532","Low and middle income","",2001,21.9090576171875
"533","Low and middle income","",2002,21.4084968566895
"534","Low and middle income","",2003,20.992073059082
"535","Low and middle income","",2004,20.5866661071777
"536","Low and middle income","",2005,20.1427307128906
"537","Low and middle income","",2006,19.7023391723633
"538","Low and middle income","",2007,19.2398071289062
"539","Low and middle income","",2008,18.7564315795898
"540","Low and middle income","",2009,18.2707901000977
"541","Low and middle income","",2010,17.7964000701904
"542","Low and middle income","",2011,17.3376293182373
"543","Low and middle income","",2012,16.8704795837402
"544","Low and middle income","",2013,16.4081020355225
"545","Low and middle income","",2014,15.9636316299438
"546","Low and middle income","",2015,15.5468444824219
"547","Low and middle income","",2016,15.1348323822021
"548","Low and middle income","",2017,14.7619180679321
"549","Low and middle income","",2018,14.420994758606
"550","Low and middle income","",2019,14.0979089736938
"551","Low and middle income","",2020,13.7823181152344
"552","Low income","",2000,28.6488914489746
"553","Low income","",2001,28.0942897796631
"554","Low income","",2002,27.5462799072266
"555","Low income","",2003,27.0049438476562
"556","Low income","",2004,26.4703598022461
"557","Low income","",2005,25.9425983428955
"558","Low income","",2006,25.4217205047607
"559","Low income","",2007,24.9077835083008
"560","Low income","",2008,24.4008369445801
"561","Low income","",2009,23.9009246826172
"562","Low income","",2010,23.4080829620361
"563","Low income","",2011,22.922342300415
"564","Low income","",2012,22.4437294006348
"565","Low income","",2013,21.9722595214844
"566","Low income","",2014,21.5079460144043
"567","Low income","",2015,21.0507984161377
"568","Low income","",2016,20.6008167266846
"569","Low income","",2017,20.1579990386963
"570","Low income","",2018,19.7223339080811
"571","Low income","",2019,19.2938098907471
"572","Low income","",2020,18.872407913208
"573","Lower middle income","",2000,31.66676902771
"574","Lower middle income","",2001,30.9667663574219
"575","Lower middle income","",2002,30.2753810882568
"576","Lower middle income","",2003,29.5928153991699
"577","Lower middle income","",2004,28.9192562103271
"578","Lower middle income","",2005,28.2548732757568
"579","Lower middle income","",2006,27.5998287200928
"580","Lower middle income","",2007,26.9542655944824
"581","Lower middle income","",2008,26.3183116912842
"582","Lower middle income","",2009,25.6920871734619
"583","Lower middle income","",2010,25.0756893157959
"584","Lower middle income","",2011,24.4692115783691
"585","Lower middle income","",2012,23.8727283477783
"586","Lower middle income","",2013,23.2863025665283
"587","Lower middle income","",2014,22.7099857330322
"588","Lower middle income","",2015,22.1438140869141
"589","Lower middle income","",2016,21.5878143310547
"590","Lower middle income","",2017,21.0420036315918
"591","Lower middle income","",2018,20.5063819885254
"592","Lower middle income","",2019,19.9809455871582
"593","Lower middle income","",2020,19.4656753540039
"594","Madagascar","MDG",1992,35.2000007629395
"595","Madagascar","MDG",1993,40.9000015258789
"596","Madagascar","MDG",1995,30.3999996185303
"597","Madagascar","MDG",1997,38
"598","Madagascar","MDG",2004,36.7000007629395
"599","Madagascar","MDG",2012,32.5999984741211
"600","Madagascar","MDG",2018,26.3999996185303
"601","Malawi","MWI",1992,24.3999996185303
"602","Malawi","MWI",1995,26.5
"603","Malawi","MWI",1998,24.5
"604","Malawi","MWI",2000,21.5
"605","Malawi","MWI",2002,21.7000007629395
"606","Malawi","MWI",2004,18.6000003814697
"607","Malawi","MWI",2006,15.6000003814697
"608","Malawi","MWI",2009,12.1000003814697
"609","Malawi","MWI",2010,13.8999996185303
"610","Malawi","MWI",2014,16.7000007629395
"611","Malawi","MWI",2015,11.8000001907349
"612","Malawi","MWI",2016,15
"613","Malawi","MWI",2017,12.6000003814697
"614","Malawi","MWI",2018,11.8000001907349
"615","Malawi","MWI",2019,9
"616","Malaysia","MYS",1990,22.1000003814697
"617","Malaysia","MYS",1991,23.1000003814697
"618","Malaysia","MYS",1992,22.6000003814697
"619","Malaysia","MYS",1993,20.5
"620","Malaysia","MYS",1994,19.7000007629395
"621","Malaysia","MYS",1995,17.7000007629395
"622","Malaysia","MYS",1999,16.7000007629395
"623","Malaysia","MYS",2006,12.6999998092651
"624","Malaysia","MYS",2015,12.3999996185303
"625","Malaysia","MYS",2016,13.6999998092651
"626","Malaysia","MYS",2019,14.1000003814697
"627","Maldives","MDV",1994,32.5
"628","Maldives","MDV",1995,39
"629","Maldives","MDV",1997,36.7000007629395
"630","Maldives","MDV",2001,25.7000007629395
"631","Maldives","MDV",2009,17.7000007629395
"632","Maldives","MDV",2017,14.8000001907349
"633","Mali","MLI",1987,28.6000003814697
"634","Mali","MLI",1996,37.7000007629395
"635","Mali","MLI",2001,30
"636","Mali","MLI",2006,27.8999996185303
"637","Mali","MLI",2010,18.8999996185303
"638","Mali","MLI",2011,20
"639","Mali","MLI",2014,24.1000003814697
"640","Mali","MLI",2015,25
"641","Mali","MLI",2016,20.2000007629395
"642","Mali","MLI",2017,17.1000003814697
"643","Mali","MLI",2018,18.6000003814697
"644","Mali","MLI",2019,18.1000003814697
"645","Marshall Islands","MHL",2017,11.8999996185303
"646","Mauritania","MRT",1996,20.2999992370605
"647","Mauritania","MRT",2000,29.7000007629395
"648","Mauritania","MRT",2007,25.5
"649","Mauritania","MRT",2008,16.5
"650","Mauritania","MRT",2011,24.3999996185303
"651","Mauritania","MRT",2012,20.3999996185303
"652","Mauritania","MRT",2015,24.8999996185303
"653","Mauritania","MRT",2018,19.2000007629395
"654","Mauritius","MUS",1985,21.1000003814697
"655","Mauritius","MUS",1995,13
"656","Mexico","MEX",1988,10.8999996185303
"657","Mexico","MEX",1989,9.60000038146973
"658","Mexico","MEX",1996,10.3000001907349
"659","Mexico","MEX",1998,5.59999990463257
"660","Mexico","MEX",2006,3.40000009536743
"661","Mexico","MEX",2012,2.79999995231628
"662","Mexico","MEX",2015,3.90000009536743
"663","Mexico","MEX",2016,4.19999980926514
"664","Mexico","MEX",2019,4.69999980926514
"665","Middle East and North Africa","",2000,8.70555973052979
"666","Middle East and North Africa","",2001,8.44683361053467
"667","Middle East and North Africa","",2002,8.19510746002197
"668","Middle East and North Africa","",2003,7.95023107528687
"669","Middle East and North Africa","",2004,7.71205711364746
"670","Middle East and North Africa","",2005,7.48043870925903
"671","Middle East and North Africa","",2006,7.25522947311401
"672","Middle East and North Africa","",2007,7.03628492355347
"673","Middle East and North Africa","",2008,6.82346153259277
"674","Middle East and North Africa","",2009,6.61661720275879
"675","Middle East and North Africa","",2010,6.41561126708984
"676","Middle East and North Africa","",2011,6.2203049659729
"677","Middle East and North Africa","",2012,6.03056144714355
"678","Middle East and North Africa","",2013,5.84624481201172
"679","Middle East and North Africa","",2014,5.6672215461731
"680","Middle East and North Africa","",2015,5.49336051940918
"681","Middle East and North Africa","",2016,5.3245325088501
"682","Middle East and North Africa","",2017,5.16060972213745
"683","Middle East and North Africa","",2018,5.00146675109863
"684","Middle East and North Africa","",2019,4.84698057174683
"685","Middle East and North Africa","",2020,4.69703054428101
"686","Middle income","",2000,21.612621307373
"687","Middle income","",2001,20.9736995697021
"688","Middle income","",2002,20.4597759246826
"689","Middle income","",2003,20.0376319885254
"690","Middle income","",2004,19.6279220581055
"691","Middle income","",2005,19.1761665344238
"692","Middle income","",2006,18.7284622192383
"693","Middle income","",2007,18.2567119598389
"694","Middle income","",2008,17.7620487213135
"695","Middle income","",2009,17.2648220062256
"696","Middle income","",2010,16.7801494598389
"697","Middle income","",2011,16.3132076263428
"698","Middle income","",2012,15.836109161377
"699","Middle income","",2013,15.3637285232544
"700","Middle income","",2014,14.9106073379517
"701","Middle income","",2015,14.4873380661011
"702","Middle income","",2016,14.0672016143799
"703","Middle income","",2017,13.6916913986206
"704","Middle income","",2018,13.3521757125854
"705","Middle income","",2019,13.0318183898926
"706","Middle income","",2020,12.7182464599609
"707","Moldova","MDA",2005,3.20000004768372
"708","Moldova","MDA",2012,2.20000004768372
"709","Mongolia","MNG",1992,11.8000001907349
"710","Mongolia","MNG",1999,10.8000001907349
"711","Mongolia","MNG",2000,11.6000003814697
"712","Mongolia","MNG",2004,4.80000019073486
"713","Mongolia","MNG",2005,5.30000019073486
"714","Mongolia","MNG",2010,3.29999995231628
"715","Mongolia","MNG",2013,1.60000002384186
"716","Mongolia","MNG",2016,0.800000011920929
"717","Mongolia","MNG",2018,1.79999995231628
"718","Montenegro","MNE",2005,2.20000004768372
"719","Montenegro","MNE",2013,1
"720","Montenegro","MNE",2018,3.70000004768372
"721","Morocco","MAR",1987,10.3999996185303
"722","Morocco","MAR",1992,8.10000038146973
"723","Morocco","MAR",1997,7.69999980926514
"724","Morocco","MAR",2003,9.80000019073486
"725","Morocco","MAR",2011,2.90000009536743
"726","Morocco","MAR",2017,2.59999990463257
"727","Mozambique","MOZ",1995,23.8999996185303
"728","Mozambique","MOZ",1997,26.2999992370605
"729","Mozambique","MOZ",2001,24.5
"730","Mozambique","MOZ",2003,21.2000007629395
"731","Mozambique","MOZ",2008,18.2000007629395
"732","Mozambique","MOZ",2011,15.6000003814697
"733","Mozambique","MOZ",2015,15.6000003814697
"734","Myanmar","MMR",1990,32.5
"735","Myanmar","MMR",1991,37
"736","Myanmar","MMR",1994,31.2000007629395
"737","Myanmar","MMR",1995,38.7000007629395
"738","Myanmar","MMR",1997,28.1000003814697
"739","Myanmar","MMR",2000,30
"740","Myanmar","MMR",2003,29.2000007629395
"741","Myanmar","MMR",2009,22.6000003814697
"742","Myanmar","MMR",2016,18.5
"743","Myanmar","MMR",2018,19.1000003814697
"744","Namibia","NAM",1992,21.3999996185303
"745","Namibia","NAM",2000,20.2000007629395
"746","Namibia","NAM",2007,17.3999996185303
"747","Namibia","NAM",2013,13.1999998092651
"748","Nauru","NRU",2007,4.80000019073486
"749","Nepal","NPL",1995,42.5999984741211
"750","Nepal","NPL",1996,47.0999984741211
"751","Nepal","NPL",1998,38.2000007629395
"752","Nepal","NPL",2001,42.7999992370605
"753","Nepal","NPL",2006,38.5999984741211
"754","Nepal","NPL",2011,28.8999996185303
"755","Nepal","NPL",2014,29.7000007629395
"756","Nepal","NPL",2016,27.2999992370605
"757","Nepal","NPL",2019,24.3999996185303
"758","Netherlands","NLD",1996,1.10000002384186
"759","Netherlands","NLD",2009,1
"760","Nicaragua","NIC",1993,9.60000038146973
"761","Nicaragua","NIC",1998,10.3000001907349
"762","Nicaragua","NIC",2001,7.69999980926514
"763","Nicaragua","NIC",2004,4.30000019073486
"764","Nicaragua","NIC",2007,5.69999980926514
"765","Nicaragua","NIC",2012,4.59999990463257
"766","Niger","NER",1985,45
"767","Niger","NER",1992,38.7000007629395
"768","Niger","NER",1998,46.9000015258789
"769","Niger","NER",2000,43.0999984741211
"770","Niger","NER",2006,35.5999984741211
"771","Niger","NER",2007,37.9000015258789
"772","Niger","NER",2008,34.5999984741211
"773","Niger","NER",2009,33.5
"774","Niger","NER",2010,40
"775","Niger","NER",2011,38.4000015258789
"776","Niger","NER",2012,32.0999984741211
"777","Niger","NER",2013,33.0999984741211
"778","Niger","NER",2014,34.5999984741211
"779","Niger","NER",2015,35.7999992370605
"780","Niger","NER",2016,32
"781","Niger","NER",2018,37.5
"782","Niger","NER",2019,31.2999992370605
"783","Nigeria","NGA",1990,33.0999984741211
"784","Nigeria","NGA",1993,35.0999984741211
"785","Nigeria","NGA",2003,26.7000007629395
"786","Nigeria","NGA",2011,24.2000007629395
"787","Nigeria","NGA",2014,20.6000003814697
"788","Nigeria","NGA",2015,19.5
"789","Nigeria","NGA",2016,31.5
"790","Nigeria","NGA",2018,21.7999992370605
"791","Nigeria","NGA",2020,18.3999996185303
"792","North America","",2000,0.890487909317017
"793","North America","",2001,0.877940535545349
"794","North America","",2002,0.865568399429321
"795","North America","",2003,0.853369116783142
"796","North America","",2004,0.841340303421021
"797","North America","",2005,0.829479694366455
"798","North America","",2006,0.81778484582901
"799","North America","",2007,0.806253552436829
"800","North America","",2008,0.794883549213409
"801","North America","",2009,0.783672630786896
"802","North America","",2010,0.772618591785431
"803","North America","",2011,0.761719286441803
"804","North America","",2012,0.7509725689888
"805","North America","",2013,0.740376353263855
"806","North America","",2014,0.729928493499756
"807","North America","",2015,0.71962708234787
"808","North America","",2016,0.709469974040985
"809","North America","",2017,0.699455201625824
"810","North America","",2018,0.689580857753754
"811","North America","",2019,0.679844915866852
"812","North America","",2020,0.67024552822113
"813","North Korea","PRK",1998,55.5
"814","North Korea","PRK",2000,24.7000007629395
"815","North Korea","PRK",2002,17.7999992370605
"816","North Korea","PRK",2004,20.6000003814697
"817","North Korea","PRK",2009,18.7999992370605
"818","North Korea","PRK",2012,15.1999998092651
"819","North Korea","PRK",2017,9.30000019073486
"820","North Macedonia","MKD",1999,1.89999997615814
"821","North Macedonia","MKD",2005,1.79999995231628
"822","North Macedonia","MKD",2011,1.29999995231628
"823","North Macedonia","MKD",2019,0.899999976158142
"824","Oman","OMN",1991,18.6000003814697
"825","Oman","OMN",1994,10.3999996185303
"826","Oman","OMN",1999,13
"827","Oman","OMN",2009,8.60000038146973
"828","Oman","OMN",2014,9.69999980926514
"829","Oman","OMN",2017,11.1999998092651
"830","Pakistan","PAK",1986,44.4000015258789
"831","Pakistan","PAK",1991,38.4000015258789
"832","Pakistan","PAK",1992,35.2999992370605
"833","Pakistan","PAK",1995,34.2000007629395
"834","Pakistan","PAK",2001,31.2000007629395
"835","Pakistan","PAK",2011,31.3999996185303
"836","Pakistan","PAK",2013,31.7999992370605
"837","Pakistan","PAK",2018,23.1000003814697
"838","Palestine","PSE",1996,2.5
"839","Palestine","PSE",2000,2.20000004768372
"840","Palestine","PSE",2004,3.29999995231628
"841","Palestine","PSE",2006,2.59999990463257
"842","Palestine","PSE",2010,3.70000004768372
"843","Palestine","PSE",2014,1.39999997615814
"844","Palestine","PSE",2020,2.09999990463257
"845","Panama","PAN",1997,5
"846","Panama","PAN",2003,5.30000019073486
"847","Panama","PAN",2008,3.90000009536743
"848","Panama","PAN",2019,3
"849","Papua New Guinea","PNG",1983,22.7999992370605
"850","Papua New Guinea","PNG",2005,18.1000003814697
"851","Papua New Guinea","PNG",2010,27.7999992370605
"852","Paraguay","PRY",1990,2.79999995231628
"853","Paraguay","PRY",2005,3.40000009536743
"854","Paraguay","PRY",2012,2.59999990463257
"855","Paraguay","PRY",2016,1.29999995231628
"856","Peru","PER",1991,8.80000019073486
"857","Peru","PER",1996,5.69999980926514
"858","Peru","PER",2000,5.19999980926514
"859","Peru","PER",2005,5.40000009536743
"860","Peru","PER",2007,4.30000019073486
"861","Peru","PER",2009,4.30000019073486
"862","Peru","PER",2010,4.30000019073486
"863","Peru","PER",2011,4.19999980926514
"864","Peru","PER",2012,3.40000009536743
"865","Peru","PER",2013,3.59999990463257
"866","Peru","PER",2014,3.20000004768372
"867","Peru","PER",2015,3.40000009536743
"868","Peru","PER",2016,3.20000004768372
"869","Peru","PER",2017,3.20000004768372
"870","Peru","PER",2018,2.59999990463257
"871","Peru","PER",2019,2.40000009536743
"872","Philippines","PHL",1987,29.2999992370605
"873","Philippines","PHL",1990,29.8999996185303
"874","Philippines","PHL",1992,29.7999992370605
"875","Philippines","PHL",1993,26.2999992370605
"876","Philippines","PHL",1998,28.2999992370605
"877","Philippines","PHL",2003,20.7000007629395
"878","Philippines","PHL",2008,20.6000003814697
"879","Philippines","PHL",2011,20.2000007629395
"880","Philippines","PHL",2013,19.8999996185303
"881","Philippines","PHL",2015,21.3999996185303
"882","Philippines","PHL",2018,19.1000003814697
"883","Poland","POL",2011,0.699999988079071
"884","Portugal","PRT",2016,0.400000005960464
"885","Qatar","QAT",1995,4.80000019073486
"886","Romania","ROU",1991,5
"887","Romania","ROU",1999,3.40000009536743
"888","Romania","ROU",2000,3.70000004768372
"889","Romania","ROU",2001,3.79999995231628
"890","Romania","ROU",2002,3.5
"891","Rwanda","RWA",1992,24.2000007629395
"892","Rwanda","RWA",1996,22.6000003814697
"893","Rwanda","RWA",2000,20.2999992370605
"894","Rwanda","RWA",2005,17.8999996185303
"895","Rwanda","RWA",2009,14.3000001907349
"896","Rwanda","RWA",2010,11.6999998092651
"897","Rwanda","RWA",2012,12
"898","Rwanda","RWA",2015,8.89999961853027
"899","Rwanda","RWA",2018,12.6000003814697
"900","Rwanda","RWA",2020,7.69999980926514
"901","Saint Lucia","LCA",2012,2.79999995231628
"902","Samoa","WSM",1999,1.70000004768372
"903","Samoa","WSM",2014,3.20000004768372
"904","Samoa","WSM",2019,3.40000009536743
"905","Sao Tome and Principe","STP",1986,14.5
"906","Sao Tome and Principe","STP",2014,8.80000019073486
"907","Sao Tome and Principe","STP",2019,5.40000009536743
"908","Saudi Arabia","SAU",1994,13.5
"909","Saudi Arabia","SAU",2004,5.30000019073486
"910","Senegal","SEN",1986,17
"911","Senegal","SEN",1991,20.3999996185303
"912","Senegal","SEN",1993,19
"913","Senegal","SEN",1996,19.6000003814697
"914","Senegal","SEN",2000,17.7999992370605
"915","Senegal","SEN",2005,14.5
"916","Senegal","SEN",2011,18.3999996185303
"917","Senegal","SEN",2012,14.3999996185303
"918","Senegal","SEN",2013,16.7000007629395
"919","Senegal","SEN",2014,12.8000001907349
"920","Senegal","SEN",2015,16.1000003814697
"921","Senegal","SEN",2016,13.8000001907349
"922","Senegal","SEN",2017,14.3999996185303
"923","Senegal","SEN",2018,15.1000003814697
"924","Senegal","SEN",2019,14.3999996185303
"925","Serbia","SRB",2005,1.79999995231628
"926","Serbia","SRB",2010,1.60000002384186
"927","Serbia","SRB",2014,1.79999995231628
"928","Serbia","SRB",2019,1
"929","Seychelles","SYC",1988,5
"930","Seychelles","SYC",2012,3.59999990463257
"931","Sierra Leone","SLE",1989,23.7000007629395
"932","Sierra Leone","SLE",1990,25.3999996185303
"933","Sierra Leone","SLE",2000,23.3999996185303
"934","Sierra Leone","SLE",2005,27.2000007629395
"935","Sierra Leone","SLE",2010,18.5
"936","Sierra Leone","SLE",2014,13
"937","Sierra Leone","SLE",2017,13.6000003814697
"938","Sierra Leone","SLE",2019,13.5
"939","Singapore","SGP",2000,3.29999995231628
"940","Solomon Islands","SLB",1989,16.2999992370605
"941","Solomon Islands","SLB",2007,11.8000001907349
"942","Solomon Islands","SLB",2015,16.2000007629395
"943","Somalia","SOM",1999,22.7999992370605
"944","Somalia","SOM",2006,32.7999992370605
"945","Somalia","SOM",2009,22.5
"946","South Africa","ZAF",1994,8
"947","South Africa","ZAF",1999,9.80000019073486
"948","South Africa","ZAF",2008,8.80000019073486
"949","South Africa","ZAF",2015,5.09999990463257
"950","South Africa","ZAF",2016,5.90000009536743
"951","South Africa","ZAF",2017,5.5
"952","South Asia","",2000,42.8731842041016
"953","South Asia","",2001,42.0321922302246
"954","South Asia","",2002,41.19580078125
"955","South Asia","",2003,40.3644599914551
"956","South Asia","",2004,39.5386199951172
"957","South Asia","",2005,38.7187042236328
"958","South Asia","",2006,37.9051322937012
"959","South Asia","",2007,37.0983047485352
"960","South Asia","",2008,36.2986145019531
"961","South Asia","",2009,35.5064315795898
"962","South Asia","",2010,34.722110748291
"963","South Asia","",2011,33.9459991455078
"964","South Asia","",2012,33.1784172058105
"965","South Asia","",2013,32.4196739196777
"966","South Asia","",2014,31.6700572967529
"967","South Asia","",2015,30.9298400878906
"968","South Asia","",2016,30.1992778778076
"969","South Asia","",2017,29.4786071777344
"970","South Asia","",2018,28.768045425415
"971","South Asia","",2019,28.0677967071533
"972","South Asia","",2020,27.3780384063721
"973","South Korea","KOR",2003,0.899999976158142
"974","South Korea","KOR",2009,0.699999988079071
"975","South Sudan","SSD",2006,32.5
"976","South Sudan","SSD",2010,27.7000007629395
"977","Sri Lanka","LKA",1987,32.7999992370605
"978","Sri Lanka","LKA",1993,30.2999992370605
"979","Sri Lanka","LKA",1995,29.2999992370605
"980","Sri Lanka","LKA",2000,22.8999996185303
"981","Sri Lanka","LKA",2007,22.1000003814697
"982","Sri Lanka","LKA",2009,21.6000003814697
"983","Sri Lanka","LKA",2012,26.1000003814697
"984","Sri Lanka","LKA",2016,20.5
"985","Sub-Saharan Africa","",2000,24.8408298492432
"986","Sub-Saharan Africa","",2001,24.3888339996338
"987","Sub-Saharan Africa","",2002,23.9424419403076
"988","Sub-Saharan Africa","",2003,23.5016803741455
"989","Sub-Saharan Africa","",2004,23.0665740966797
"990","Sub-Saharan Africa","",2005,22.6371364593506
"991","Sub-Saharan Africa","",2006,22.2133865356445
"992","Sub-Saharan Africa","",2007,21.7953357696533
"993","Sub-Saharan Africa","",2008,21.3829879760742
"994","Sub-Saharan Africa","",2009,20.9763488769531
"995","Sub-Saharan Africa","",2010,20.5754203796387
"996","Sub-Saharan Africa","",2011,20.180196762085
"997","Sub-Saharan Africa","",2012,19.7906742095947
"998","Sub-Saharan Africa","",2013,19.4068412780762
"999","Sub-Saharan Africa","",2014,19.0286865234375
"1000","Sub-Saharan Africa","",2015,18.6561946868896
"1001","Sub-Saharan Africa","",2016,18.2893486022949
"1002","Sub-Saharan Africa","",2017,17.9281253814697
"1003","Sub-Saharan Africa","",2018,17.5725021362305
"1004","Sub-Saharan Africa","",2019,17.2224540710449
"1005","Sub-Saharan Africa","",2020,16.8779487609863
"1006","Sudan","SDN",2006,27
"1007","Sudan","SDN",2010,29.7999992370605
"1008","Sudan","SDN",2014,33
"1009","Suriname","SUR",2000,11.1000003814697
"1010","Suriname","SUR",2006,7.5
"1011","Suriname","SUR",2010,5.80000019073486
"1012","Suriname","SUR",2018,6.69999980926514
"1013","Syria","SYR",1993,11.5
"1014","Syria","SYR",1995,11.3000001907349
"1015","Syria","SYR",2000,6
"1016","Syria","SYR",2001,11.5
"1017","Syria","SYR",2006,10
"1018","Syria","SYR",2010,10.3999996185303
"1019","Tajikistan","TJK",2005,14.8999996185303
"1020","Tajikistan","TJK",2007,15.1000003814697
"1021","Tajikistan","TJK",2009,8.30000019073486
"1022","Tajikistan","TJK",2012,13.3000001907349
"1023","Tajikistan","TJK",2016,6.40000009536743
"1024","Tajikistan","TJK",2017,7.59999990463257
"1025","Tanzania","TZA",1991,24.7999992370605
"1026","Tanzania","TZA",1996,26.7999992370605
"1027","Tanzania","TZA",1999,25.2999992370605
"1028","Tanzania","TZA",2004,16.7000007629395
"1029","Tanzania","TZA",2009,16.3999996185303
"1030","Tanzania","TZA",2010,16.1000003814697
"1031","Tanzania","TZA",2011,14.1000003814697
"1032","Tanzania","TZA",2013,13.1000003814697
"1033","Tanzania","TZA",2014,13.3999996185303
"1034","Tanzania","TZA",2015,13.6999998092651
"1035","Tanzania","TZA",2018,14.6000003814697
"1036","Thailand","THA",1987,20.2000007629395
"1037","Thailand","THA",1993,16.2999992370605
"1038","Thailand","THA",1995,15.3999996185303
"1039","Thailand","THA",2006,7
"1040","Thailand","THA",2012,9.19999980926514
"1041","Thailand","THA",2016,6.69999980926514
"1042","Thailand","THA",2019,7.69999980926514
"1043","Timor","TLS",2002,40.5999984741211
"1044","Timor","TLS",2003,41.5
"1045","Timor","TLS",2007,49.5
"1046","Timor","TLS",2009,44.9000015258789
"1047","Timor","TLS",2013,37.5
"1048","Togo","TGO",1988,21.7000007629395
"1049","Togo","TGO",1996,16.7000007629395
"1050","Togo","TGO",1998,23.7999992370605
"1051","Togo","TGO",2008,20.5
"1052","Togo","TGO",2009,16.6000003814697
"1053","Togo","TGO",2010,15.1000003814697
"1054","Togo","TGO",2012,16.5
"1055","Togo","TGO",2014,16.1000003814697
"1056","Togo","TGO",2017,15.1999998092651
"1057","Tonga","TON",2012,1.79999995231628
"1058","Tonga","TON",2019,0.800000011920929
"1059","Trinidad and Tobago","TTO",1987,6.19999980926514
"1060","Trinidad and Tobago","TTO",2000,4.30000019073486
"1061","Trinidad and Tobago","TTO",2011,4.90000009536743
"1062","Tunisia","TUN",1988,7.90000009536743
"1063","Tunisia","TUN",1997,3.29999995231628
"1064","Tunisia","TUN",2000,3.5
"1065","Tunisia","TUN",2006,3.29999995231628
"1066","Tunisia","TUN",2012,2.29999995231628
"1067","Tunisia","TUN",2018,1.60000002384186
"1068","Turkey","TUR",1993,8.69999980926514
"1069","Turkey","TUR",1995,9
"1070","Turkey","TUR",1998,7
"1071","Turkey","TUR",2004,3.5
"1072","Turkey","TUR",2008,1.89999997615814
"1073","Turkey","TUR",2013,2.29999995231628
"1074","Turkey","TUR",2018,1.5
"1075","Turkmenistan","TKM",2000,10.5
"1076","Turkmenistan","TKM",2006,9.19999980926514
"1077","Turkmenistan","TKM",2015,3.20000004768372
"1078","Turkmenistan","TKM",2019,3.09999990463257
"1079","Tuvalu","TUV",2007,1.60000002384186
"1080","Uganda","UGA",1988,19.7000007629395
"1081","Uganda","UGA",1995,20.7999992370605
"1082","Uganda","UGA",2000,19.2000007629395
"1083","Uganda","UGA",2006,16.2999992370605
"1084","Uganda","UGA",2009,15.6999998092651
"1085","Uganda","UGA",2011,14.1000003814697
"1086","Uganda","UGA",2012,11.8999996185303
"1087","Uganda","UGA",2014,11.6999998092651
"1088","Uganda","UGA",2016,10.3999996185303
"1089","Ukraine","UKR",2000,4.09999990463257
"1090","United States","USA",1991,0.800000011920929
"1091","United States","USA",2000,1.10000002384186
"1092","United States","USA",2002,0.800000011920929
"1093","United States","USA",2004,1.29999995231628
"1094","United States","USA",2006,0.699999988079071
"1095","United States","USA",2008,0.699999988079071
"1096","United States","USA",2010,1
"1097","United States","USA",2012,0.5
"1098","United States","USA",2014,0.699999988079071
"1099","United States","USA",2016,1.39999997615814
"1100","United States","USA",2018,0.400000005960464
"1101","Upper middle income","",2000,7.7355751991272
"1102","Upper middle income","",2001,7.31568384170532
"1103","Upper middle income","",2002,6.9168758392334
"1104","Upper middle income","",2003,6.53827476501465
"1105","Upper middle income","",2004,6.17902088165283
"1106","Upper middle income","",2005,5.8382740020752
"1107","Upper middle income","",2006,5.51521301269531
"1108","Upper middle income","",2007,5.20904016494751
"1109","Upper middle income","",2008,4.91897869110107
"1110","Upper middle income","",2009,4.64427804946899
"1111","Upper middle income","",2010,4.38421058654785
"1112","Upper middle income","",2011,4.13807439804077
"1113","Upper middle income","",2012,3.90519237518311
"1114","Upper middle income","",2013,3.68491244316101
"1115","Upper middle income","",2014,3.47660851478577
"1116","Upper middle income","",2015,3.27967858314514
"1117","Upper middle income","",2016,3.09354615211487
"1118","Upper middle income","",2017,2.91765880584717
"1119","Upper middle income","",2018,2.75148773193359
"1120","Upper middle income","",2019,2.59452772140503
"1121","Upper middle income","",2020,2.44629621505737
"1122","Uruguay","URY",1987,6.5
"1123","Uruguay","URY",1999,4.69999980926514
"1124","Uruguay","URY",2002,5.40000009536743
"1125","Uruguay","URY",2003,5.09999990463257
"1126","Uruguay","URY",2004,6
"1127","Uruguay","URY",2007,4.19999980926514
"1128","Uruguay","URY",2011,4
"1129","Uruguay","URY",2013,1.20000004768372
"1130","Uruguay","URY",2016,3.20000004768372
"1131","Uruguay","URY",2018,1.79999995231628
"1132","Uzbekistan","UZB",1996,13.3000001907349
"1133","Uzbekistan","UZB",2002,7.40000009536743
"1134","Uzbekistan","UZB",2006,4.40000009536743
"1135","Uzbekistan","UZB",2017,2.90000009536743
"1136","Vanuatu","VUT",1996,10.6000003814697
"1137","Vanuatu","VUT",2008,11.5
"1138","Vanuatu","VUT",2013,11.6999998092651
"1139","Venezuela","VEN",1987,3.90000009536743
"1140","Venezuela","VEN",1990,6.69999980926514
"1141","Venezuela","VEN",1991,5.40000009536743
"1142","Venezuela","VEN",1992,4.5
"1143","Venezuela","VEN",1993,4
"1144","Venezuela","VEN",1994,3.90000009536743
"1145","Venezuela","VEN",1995,4.09999990463257
"1146","Venezuela","VEN",1996,4.40000009536743
"1147","Venezuela","VEN",1997,4.5
"1148","Venezuela","VEN",1998,4.59999990463257
"1149","Venezuela","VEN",1999,4.09999990463257
"1150","Venezuela","VEN",2000,3.90000009536743
"1151","Venezuela","VEN",2001,4
"1152","Venezuela","VEN",2002,4.19999980926514
"1153","Venezuela","VEN",2003,4.59999990463257
"1154","Venezuela","VEN",2004,4.5
"1155","Venezuela","VEN",2005,4.09999990463257
"1156","Venezuela","VEN",2006,3.90000009536743
"1157","Venezuela","VEN",2007,3.70000004768372
"1158","Venezuela","VEN",2008,3.20000004768372
"1159","Venezuela","VEN",2009,2.90000009536743
"1160","Vietnam","VNM",1988,40.7000007629395
"1161","Vietnam","VNM",1993,36.5999984741211
"1162","Vietnam","VNM",1994,40.5999984741211
"1163","Vietnam","VNM",1998,35.7999992370605
"1164","Vietnam","VNM",1999,31.1000003814697
"1165","Vietnam","VNM",2000,26.7000007629395
"1166","Vietnam","VNM",2002,23.3999996185303
"1167","Vietnam","VNM",2003,24.6000003814697
"1168","Vietnam","VNM",2004,23.7999992370605
"1169","Vietnam","VNM",2005,22.7000007629395
"1170","Vietnam","VNM",2006,22.1000003814697
"1171","Vietnam","VNM",2007,22.6000003814697
"1172","Vietnam","VNM",2008,20.2000007629395
"1173","Vietnam","VNM",2009,17.5
"1174","Vietnam","VNM",2010,11.6999998092651
"1175","Vietnam","VNM",2011,16.7999992370605
"1176","Vietnam","VNM",2012,16.2000007629395
"1177","Vietnam","VNM",2013,15.3000001907349
"1178","Vietnam","VNM",2014,14.5
"1179","Vietnam","VNM",2015,14.1000003814697
"1180","Vietnam","VNM",2016,13.8000001907349
"1181","Vietnam","VNM",2017,13.3999996185303
"1182","World","OWID_WRL",2000,20.4842853546143
"1183","World","OWID_WRL",2001,19.9928817749023
"1184","World","OWID_WRL",2002,19.5711879730225
"1185","World","OWID_WRL",2003,19.202751159668
"1186","World","OWID_WRL",2004,18.8336353302002
"1187","World","OWID_WRL",2005,18.4257011413574
"1188","World","OWID_WRL",2006,18.011287689209
"1189","World","OWID_WRL",2007,17.5730762481689
"1190","World","OWID_WRL",2008,17.1153392791748
"1191","World","OWID_WRL",2009,16.6559200286865
"1192","World","OWID_WRL",2010,16.2050819396973
"1193","World","OWID_WRL",2011,15.7500839233398
"1194","World","OWID_WRL",2012,15.3048343658447
"1195","World","OWID_WRL",2013,14.8756637573242
"1196","World","OWID_WRL",2014,14.4711513519287
"1197","World","OWID_WRL",2015,14.0972328186035
"1198","World","OWID_WRL",2016,13.7325954437256
"1199","World","OWID_WRL",2017,13.4160585403442
"1200","World","OWID_WRL",2018,13.1331815719604
"1201","World","OWID_WRL",2019,12.8642921447754
"1202","World","OWID_WRL",2020,12.5976877212524
"1203","Yemen","YEM",1991,29.8999996185303
"1204","Yemen","YEM",1996,34.2000007629395
"1205","Yemen","YEM",1997,43
"1206","Yemen","YEM",2003,45.2999992370605
"1207","Yemen","YEM",2005,36.7000007629395
"1208","Yemen","YEM",2011,35.5
"1209","Yemen","YEM",2013,39.9000015258789
"1210","Zambia","ZMB",1992,21.2000007629395
"1211","Zambia","ZMB",1996,19.6000003814697
"1212","Zambia","ZMB",1999,19.6000003814697
"1213","Zambia","ZMB",2002,23.2000007629395
"1214","Zambia","ZMB",2007,14.8999996185303
"1215","Zambia","ZMB",2013,14.8999996185303
"1216","Zambia","ZMB",2018,11.8000001907349
"1217","Zimbabwe","ZWE",1987,10.5
"1218","Zimbabwe","ZWE",1988,8
"1219","Zimbabwe","ZWE",1994,11.8000001907349
"1220","Zimbabwe","ZWE",1999,11.5
"1221","Zimbabwe","ZWE",2005,14
"1222","Zimbabwe","ZWE",2009,11.6999998092651
"1223","Zimbabwe","ZWE",2010,10.1999998092651
"1224","Zimbabwe","ZWE",2014,11.1999998092651
"1225","Zimbabwe","ZWE",2015,8.5
"1226","Zimbabwe","ZWE",2019,9.69999980926514
